Store Name,Year,Month,Taxable Sales,Non-Taxable Sales,Total Store Sales,Cash,Credit Card,Transaction Count,Total Paidout
Blue Creek General Store [101350],2023,April,$0.00,$0.00,$0.00,N/A,N/A,0,N/A
Blue Creek General Store [101350],2023,August,"$60,755.96","$72,515.23","$137,677.94","$78,418.65","$52,321.73",8593,$559.25
Blue Creek General Store [101350],2023,December,"$85,719.45","$75,414.55","$167,391.55","$87,681.78","$66,689.64",9460,$420.39
Blue Creek General Store [101350],2023,February,$0.00,$0.00,$0.00,N/A,N/A,0,N/A
Blue Creek General Store [101350],2023,January,$0.00,$0.00,$0.00,N/A,N/A,0,N/A
Blue Creek General Store [101350],2023,July,$0.00,$0.00,$0.00,N/A,N/A,0,N/A
Blue Creek General Store [101350],2023,June,$0.00,$0.00,$0.00,N/A,N/A,0,N/A
Blue Creek General Store [101350],2023,March,$0.00,$0.00,$0.00,N/A,N/A,0,N/A
Blue Creek General Store [101350],2023,May,$0.00,$0.00,$0.00,N/A,N/A,0,N/A
Blue Creek General Store [101350],2023,November,"$82,767.41","$86,379.91","$175,150.67","$99,852.01","$69,451.05",10172,$985.91
Blue Creek General Store [101350],2023,October,"$74,981.81","$84,683.60","$165,103.58","$88,403.29","$69,700.72",10258,"$1,285.99"
Blue Creek General Store [101350],2023,September,"$77,214.81","$91,317.98","$174,132.19","$95,182.87","$68,746.88",10298,$375.02
Blue Creek General Store [101350],2024,April,"$80,515.25","$93,569.93","$179,922.64","$95,801.74","$71,556.85",10041,$602.73
Blue Creek General Store [101350],2024,August,"$93,935.27","$95,495.13","$196,240.78","$96,497.50","$86,368.97",10950,$296.44
Blue Creek General Store [101350],2024,December,"$86,918.97","$83,468.04","$176,688.72","$84,682.04","$78,477.59",9392,$856.72
Blue Creek General Store [101350],2024,February,"$69,251.27","$76,561.46","$150,833.72","$79,270.91","$59,920.21",8716,$626.61
Blue Creek General Store [101350],2024,January,"$69,579.49","$67,755.30","$142,374.56","$77,906.09","$55,012.43",8322,$401.67
Blue Creek General Store [101350],2024,July,"$94,944.54","$94,185.13","$196,013.29","$100,604.67","$85,987.32",11071,$577.12
Blue Creek General Store [101350],2024,June,"$93,572.52","$93,756.36","$194,112.99","$100,470.57","$81,873.99",10985,$228.17
Blue Creek General Store [101350],2024,March,"$82,112.02","$88,750.95","$176,816.35","$93,133.29","$72,343.74",10097,$156.10
Blue Creek General Store [101350],2024,May,"$90,292.65","$95,112.27","$191,951.27","$99,412.55","$81,563.44",10526,$985.42
Blue Creek General Store [101350],2024,November,"$83,263.43","$90,885.50","$180,185.64","$86,419.07","$81,137.92",9693,"$1,041.32"
Blue Creek General Store [101350],2024,October,"$83,973.89","$88,104.28","$178,166.37","$95,560.15","$73,887.05",10113,$211.52
Blue Creek General Store [101350],2024,September,"$84,379.69","$89,315.84","$179,813.10","$92,416.37","$75,209.19",10288,$173.52
Blue Creek General Store [101350],2025,April,"$77,698.23","$49,622.16","$132,952.57","$65,566.12","$62,332.79",8121,$175.40
Blue Creek General Store [101350],2025,August,"$100,037.85","$92,843.65","$200,133.85","$98,589.99","$90,857.32",10974,$187.25
Blue Creek General Store [101350],2025,December,"$82,219.92","$77,416.45","$165,597.27","$81,438.58","$73,173.62",8795,$237.42
Blue Creek General Store [101350],2025,February,"$60,528.11","$38,979.57","$103,887.58","$46,038.33","$48,915.76",6428,$225.12
Blue Creek General Store [101350],2025,January,"$69,002.34","$70,221.59","$144,226.66","$71,321.18","$64,138.21",7922,"$1,068.11"
Blue Creek General Store [101350],2025,July,"$96,913.03","$87,509.57","$191,448.22","$95,646.16","$87,386.40",10491,$186.52
Blue Creek General Store [101350],2025,June,"$89,725.42","$80,713.36","$176,944.09","$83,658.53","$79,012.28",9848,$252.52
Blue Creek General Store [101350],2025,March,"$79,411.04","$57,905.39","$142,939.47","$66,253.55","$64,642.52",7942,$221.12
Blue Creek General Store [101350],2025,May,"$89,405.55","$77,726.24","$173,612.51","$86,249.63","$79,993.29",9832,$721.52
Blue Creek General Store [101350],2025,November,"$88,048.46","$84,465.53","$178,896.82","$83,085.39","$84,259.44",9302,$742.92
Blue Creek General Store [101350],2025,October,"$85,634.74","$85,062.32","$176,905.73","$88,017.77","$76,726.41",9710,$560.82
Blue Creek General Store [101350],2025,September,"$85,568.32","$79,275.48","$171,047.81","$84,721.59","$76,782.14",9600,$244.86
Blue Creek General Store [101350],2026,April,"$18,398.78","$18,107.54","$37,840.04","$17,463.43","$17,060.53",2017,"$1,044.72"
Blue Creek General Store [101350],2026,February,"$67,363.39","$61,075.77","$133,323.23","$66,387.15","$62,021.68",7014,"$4,042.82"
Blue Creek General Store [101350],2026,January,"$77,988.30","$68,946.90","$152,589.71","$70,152.93","$65,310.14",8055,$255.92
Blue Creek General Store [101350],2026,March,"$78,804.42","$78,632.24","$163,149.89","$72,394.39","$79,282.68",8598,$275.02
Cidar Mill Carryout [101007],2021,April,$0.00,$0.00,$0.00,N/A,N/A,0,N/A
Cidar Mill Carryout [101007],2021,August,"$137,099.68","$16,085.74","$163,118.56","$69,474.63","$89,131.96",0,$162.39
Cidar Mill Carryout [101007],2021,December,"$125,040.58","$15,955.67","$150,058.42","$68,120.42","$82,484.38",0,N/A
Cidar Mill Carryout [101007],2021,February,$0.00,$0.00,$0.00,N/A,N/A,0,N/A
Cidar Mill Carryout [101007],2021,January,$0.00,$0.00,$0.00,N/A,N/A,0,N/A
Cidar Mill Carryout [101007],2021,July,"$141,048.68","$20,642.41","$171,918.49","$74,656.73","$93,939.59",0,N/A
Cidar Mill Carryout [101007],2021,June,"$70,326.96","$6,950.55","$82,378.04","$35,338.70","$45,341.74",0,N/A
Cidar Mill Carryout [101007],2021,March,$0.00,$0.00,$0.00,N/A,N/A,0,N/A
Cidar Mill Carryout [101007],2021,May,$0.00,$0.00,$0.00,N/A,N/A,0,N/A
Cidar Mill Carryout [101007],2021,November,"$118,088.89","$11,960.21","$138,614.56","$64,701.46","$77,856.92",0,N/A
Cidar Mill Carryout [101007],2021,October,"$133,144.81","$13,781.96","$156,574.60","$65,360.66","$87,559.80",0,$25.00
Cidar Mill Carryout [101007],2021,September,"$132,675.78","$12,381.40","$154,672.74","$69,341.80","$89,675.07",0,$440.01
Cidar Mill Carryout [101007],2022,April,"$137,948.57","$18,591.55","$166,535.80","$71,102.91","$93,959.80",0,N/A
Cidar Mill Carryout [101007],2022,August,"$160,996.11","$20,590.87","$193,258.08","$76,791.63","$113,358.41",0,$57.00
Cidar Mill Carryout [101007],2022,December,"$138,414.56","$39,592.87","$188,039.15","$79,551.84","$103,566.84",0,$162.00
Cidar Mill Carryout [101007],2022,February,"$112,665.47","$10,758.72","$131,586.24","$56,383.78","$74,640.15",0,$667.00
Cidar Mill Carryout [101007],2022,January,"$117,060.18","$13,756.78","$139,296.97","$62,413.79","$75,621.49",0,N/A
Cidar Mill Carryout [101007],2022,July,"$166,880.14","$22,588.75","$201,569.90","$82,102.18","$117,200.82",0,$103.11
Cidar Mill Carryout [101007],2022,June,"$160,260.20","$21,445.03","$193,319.85","$81,144.48","$111,284.40",0,$35.00
Cidar Mill Carryout [101007],2022,March,"$129,170.13","$14,944.90","$153,469.79","$64,632.87","$89,070.98",0,N/A
Cidar Mill Carryout [101007],2022,May,"$149,953.53","$15,690.92","$176,510.13","$72,887.20","$103,994.81",0,N/A
Cidar Mill Carryout [101007],2022,November,"$141,126.36","$40,663.14","$192,014.53","$83,683.76","$105,047.58",0,$119.00
Cidar Mill Carryout [101007],2022,October,"$149,114.07","$36,502.57","$196,417.05","$92,508.00","$107,276.66",0,N/A
Cidar Mill Carryout [101007],2022,September,"$151,523.17","$21,575.42","$184,076.37","$75,870.78","$110,597.87",0,$65.00
Cidar Mill Carryout [101007],2023,April,"$148,295.86","$45,002.31","$204,039.68","$75,351.02","$113,439.13",11152,$30.00
Cidar Mill Carryout [101007],2023,August,"$143,658.46","$53,277.29","$207,338.35","$81,545.16","$116,638.63",11641,$151.00
Cidar Mill Carryout [101007],2023,December,"$130,851.21","$46,056.04","$186,391.87","$71,425.03","$109,390.43",10447,N/A
Cidar Mill Carryout [101007],2023,February,"$132,639.16","$48,394.97","$190,537.16","$73,860.77","$100,378.25",0,$330.00
Cidar Mill Carryout [101007],2023,January,"$147,373.92","$57,385.80","$215,386.82","$87,134.53","$109,370.37",0,$138.00
Cidar Mill Carryout [101007],2023,July,"$150,316.45","$54,679.53","$215,886.90","$79,248.29","$122,782.32",11914,$29.00
Cidar Mill Carryout [101007],2023,June,"$152,821.71","$46,825.84","$210,723.38","$76,380.05","$117,532.73",11597,$127.00
Cidar Mill Carryout [101007],2023,March,"$147,407.08","$56,227.82","$214,239.01","$74,862.14","$115,191.34",4906,$20.00
Cidar Mill Carryout [101007],2023,May,"$162,687.69","$43,375.00","$217,859.03","$81,653.12","$124,428.33",12190,$93.00
Cidar Mill Carryout [101007],2023,November,"$124,968.67","$32,342.56","$166,368.28","$61,465.73","$104,625.91",9795,$20.00
Cidar Mill Carryout [101007],2023,October,"$130,505.99","$46,937.06","$186,897.81","$70,627.96","$109,201.79",10598,"$10,240.00"
Cidar Mill Carryout [101007],2023,September,"$136,897.09","$46,658.62","$193,469.95","$72,979.65","$114,715.34",11054,$40.00
Cidar Mill Carryout [101007],2024,April,"$123,635.00","$40,456.46","$173,055.07","$63,884.31","$101,481.68",10349,$925.00
Cidar Mill Carryout [101007],2024,August,"$146,690.84","$44,690.94","$202,017.05","$71,350.78","$116,627.81",11324,$40.00
Cidar Mill Carryout [101007],2024,December,"$127,951.28","$44,254.46","$181,482.23","$68,100.37","$100,355.18",10106,N/A
Cidar Mill Carryout [101007],2024,February,"$113,052.24","$40,545.79","$161,795.23","$54,051.23","$95,693.36",9446,N/A
Cidar Mill Carryout [101007],2024,January,"$117,422.35","$42,510.47","$168,444.27","$60,636.27","$96,976.24",9513,"$8,944.00"
Cidar Mill Carryout [101007],2024,July,"$138,013.49","$43,648.45","$191,668.10","$66,944.99","$111,032.60",11285,$321.00
Cidar Mill Carryout [101007],2024,June,"$133,770.17","$39,281.38","$182,750.02","$64,532.41","$109,346.57",10808,$220.00
Cidar Mill Carryout [101007],2024,March,"$128,393.76","$44,142.97","$181,847.05","$65,842.63","$107,506.48",10639,N/A
Cidar Mill Carryout [101007],2024,May,"$143,371.17","$37,724.70","$191,491.63","$69,436.95","$116,905.51",11480,$215.00
Cidar Mill Carryout [101007],2024,November,"$127,789.39","$41,032.12","$178,086.28","$65,332.73","$101,305.21",10109,$100.00
Cidar Mill Carryout [101007],2024,October,"$136,549.00","$42,891.34","$189,340.28","$69,013.39","$106,995.81",10975,$271.00
Cidar Mill Carryout [101007],2024,September,"$131,752.41","$47,676.47","$188,981.10","$66,322.81","$103,631.21",10521,$432.00
Cidar Mill Carryout [101007],2025,April,"$127,048.38","$25,184.29","$161,443.42","$57,140.59","$103,211.91",9889,"$2,142.75"
Cidar Mill Carryout [101007],2025,August,"$141,943.47","$37,707.31","$189,942.76","$64,274.52","$114,476.40",9925,$448.45
Cidar Mill Carryout [101007],2025,December,"$115,165.90","$54,746.21","$178,263.85","$59,100.76","$95,718.31",8751,"$2,483.00"
Cidar Mill Carryout [101007],2025,February,"$110,096.92","$30,111.26","$148,190.23","$55,140.06","$87,514.30",8390,$556.69
Cidar Mill Carryout [101007],2025,January,"$120,540.79","$40,395.36","$169,675.42","$61,987.38","$95,353.92",9384,$80.96
Cidar Mill Carryout [101007],2025,July,"$138,278.86","$41,459.67","$189,764.17","$65,387.61","$109,260.79",9998,$370.00
Cidar Mill Carryout [101007],2025,June,"$130,132.86","$61,704.41","$201,271.49","$66,977.25","$105,264.21",10187,"$7,800.00"
Cidar Mill Carryout [101007],2025,March,"$126,167.83","$41,876.72","$177,149.75","$62,156.48","$100,811.02",9935,"$1,772.00"
Cidar Mill Carryout [101007],2025,May,"$131,706.03","$50,437.50","$191,692.05","$69,303.60","$106,254.23",10394,"$2,231.18"
Cidar Mill Carryout [101007],2025,November,"$115,206.80","$32,151.74","$155,712.75","$48,412.79","$95,775.08",8206,"$1,336.31"
Cidar Mill Carryout [101007],2025,October,"$123,777.13","$34,220.69","$166,973.09","$58,050.77","$101,914.19",8873,"$1,099.00"
Cidar Mill Carryout [101007],2025,September,"$119,355.30","$35,152.81","$163,162.88","$55,588.05","$97,226.06",8975,$103.58
Cidar Mill Carryout [101007],2026,April,"$25,680.68","$12,347.71","$39,890.16","$13,464.91","$20,994.45",2047,N/A
Cidar Mill Carryout [101007],2026,February,"$101,942.94","$51,580.85","$160,914.81","$48,494.03","$84,876.78",7675,"$7,453.01"
Cidar Mill Carryout [101007],2026,January,"$107,622.36","$38,867.85","$154,294.21","$53,054.90","$87,574.57",7549,"$1,085.00"
Cidar Mill Carryout [101007],2026,March,"$106,242.84","$61,341.05","$175,286.75","$55,612.36","$89,203.18",8157,"$1,136.00"
Riverside Cruise In [100812],2020,April,$0.00,$0.00,$0.00,N/A,N/A,0,N/A
Riverside Cruise In [100812],2020,August,"$2,835.73",$75.26,"$3,116.46","$1,877.07","$1,292.65",0,$180.00
Riverside Cruise In [100812],2020,December,"$1,737.09","$2,165.76","$4,028.72","$3,270.21",$865.77,0,N/A
Riverside Cruise In [100812],2020,February,$0.00,$0.00,$0.00,N/A,N/A,0,N/A
Riverside Cruise In [100812],2020,January,$0.00,$0.00,$0.00,N/A,N/A,0,N/A
Riverside Cruise In [100812],2020,July,$941.28,$61.55,"$1,071.09",$255.68,$405.41,0,N/A
Riverside Cruise In [100812],2020,June,$0.00,$0.00,$0.00,N/A,N/A,0,N/A
Riverside Cruise In [100812],2020,March,$0.00,$0.00,$0.00,N/A,N/A,0,N/A
Riverside Cruise In [100812],2020,May,$0.00,$0.00,$0.00,N/A,N/A,0,N/A
Riverside Cruise In [100812],2020,November,$425.28,"$4,080.20","$4,536.31","$4,245.97",$292.34,0,N/A
Riverside Cruise In [100812],2020,October,"$1,028.37",$113.10,"$1,216.00",$943.81,$427.30,0,N/A
Riverside Cruise In [100812],2020,September,$35.20,$0.00,$37.75,$39.98,$21.77,0,N/A
Riverside Cruise In [100812],2021,April,"$140,132.16","$9,898.58","$160,188.63","$104,263.54","$78,167.03",0,"$2,856.80"
Riverside Cruise In [100812],2021,August,"$149,560.17","$20,963.56","$181,368.80","$97,858.47","$93,367.65",0,"$2,330.52"
Riverside Cruise In [100812],2021,December,"$132,041.72","$33,155.96","$174,763.67","$97,209.37","$84,555.29",0,"$2,011.01"
Riverside Cruise In [100812],2021,February,"$70,654.21","$6,496.07","$82,271.52","$46,300.47","$41,807.68",0,$288.00
Riverside Cruise In [100812],2021,January,"$20,030.96","$2,308.63","$23,791.17","$12,165.52","$11,564.02",0,$106.50
Riverside Cruise In [100812],2021,July,"$153,200.50","$11,686.32","$175,992.73","$116,341.37","$94,078.38",0,"$2,399.98"
Riverside Cruise In [100812],2021,June,"$145,112.04","$11,003.52","$166,635.59","$103,202.24","$81,201.23",0,"$2,619.28"
Riverside Cruise In [100812],2021,March,"$118,007.44","$9,351.56","$135,914.10","$75,810.53","$78,126.54",0,"$7,533.00"
Riverside Cruise In [100812],2021,May,"$154,056.96","$12,820.30","$178,042.53","$116,451.22","$87,605.36",0,"$2,308.50"
Riverside Cruise In [100812],2021,November,"$122,569.68","$24,629.18","$156,077.89","$90,647.49","$79,457.96",0,"$1,837.83"
Riverside Cruise In [100812],2021,October,"$139,234.12","$25,417.47","$174,737.86","$104,565.27","$86,404.97",0,"$1,922.93"
Riverside Cruise In [100812],2021,September,"$136,743.84","$24,863.30","$171,514.96","$97,896.16","$85,379.54",0,"$1,959.19"
Riverside Cruise In [100812],2022,April,"$132,349.33","$25,717.70","$167,655.76","$88,187.11","$93,896.58",0,"$1,816.15"
Riverside Cruise In [100812],2022,August,"$146,627.47","$30,485.77","$187,731.88","$92,112.11","$101,621.17",0,"$2,755.49"
Riverside Cruise In [100812],2022,December,"$130,181.37","$31,661.68","$171,264.49","$89,199.15","$87,642.11",0,"$2,136.70"
Riverside Cruise In [100812],2022,February,"$108,923.88","$20,932.19","$137,744.98","$70,050.98","$74,306.83",0,"$1,658.35"
Riverside Cruise In [100812],2022,January,"$118,180.86","$22,353.44","$149,095.82","$77,550.61","$79,683.02",0,"$1,776.74"
Riverside Cruise In [100812],2022,July,"$156,945.05","$31,986.45","$200,300.41","$98,188.42","$110,359.02",0,"$2,035.90"
Riverside Cruise In [100812],2022,June,"$144,371.24","$27,616.93","$182,447.56","$99,049.38","$96,766.17",0,"$2,200.83"
Riverside Cruise In [100812],2022,March,"$129,409.08","$30,826.17","$169,602.70","$93,667.03","$89,806.68",0,"$2,148.89"
Riverside Cruise In [100812],2022,May,"$144,747.38","$25,927.86","$181,163.25","$92,979.55","$102,423.87",0,"$2,021.05"
Riverside Cruise In [100812],2022,November,"$126,909.39","$31,855.98","$167,952.38","$83,302.57","$88,009.33",0,"$2,682.60"
Riverside Cruise In [100812],2022,October,"$138,946.93","$27,837.45","$176,840.90","$84,483.14","$97,934.33",0,"$1,856.72"
Riverside Cruise In [100812],2022,September,"$137,988.39","$27,876.69","$175,861.56","$89,176.52","$96,430.71",0,"$1,906.90"
Riverside Cruise In [100812],2023,April,"$148,275.77","$35,239.82","$194,252.37","$98,253.66","$106,267.40",13234,"$1,990.50"
Riverside Cruise In [100812],2023,August,"$134,619.12","$26,209.59","$170,573.90","$83,916.05","$95,708.75",11678,"$1,944.40"
Riverside Cruise In [100812],2023,December,"$115,886.25","$18,761.29","$143,049.39","$71,922.30","$86,601.18",10306,"$1,312.00"
Riverside Cruise In [100812],2023,February,"$111,840.33","$29,916.11","$149,856.21","$70,865.98","$80,076.83",0,"$1,840.97"
Riverside Cruise In [100812],2023,January,"$128,850.91","$30,870.18","$169,050.24","$85,862.38","$87,868.14",0,"$2,477.50"
Riverside Cruise In [100812],2023,July,"$166,052.36","$31,677.53","$209,757.82","$99,402.19","$124,942.65",14479,"$1,718.00"
Riverside Cruise In [100812],2023,June,"$151,787.32","$32,477.03","$195,251.04","$98,103.06","$106,960.66",13290,"$1,741.50"
Riverside Cruise In [100812],2023,March,"$130,462.96","$33,380.14","$173,288.86","$86,775.92","$94,742.53",9089,"$1,970.50"
Riverside Cruise In [100812],2023,May,"$162,780.87","$35,866.59","$210,432.50","$97,300.36","$117,226.90",14442,"$1,958.88"
Riverside Cruise In [100812],2023,November,"$116,525.82","$19,640.76","$144,614.43","$66,076.62","$88,341.04",10359,"$1,143.00"
Riverside Cruise In [100812],2023,October,"$133,974.85","$27,033.67","$170,722.29","$78,306.20","$97,555.55",11916,"$1,443.00"
Riverside Cruise In [100812],2023,September,"$158,591.87","$29,444.20","$199,523.45","$98,742.47","$111,778.82",13882,"$1,523.65"
Riverside Cruise In [100812],2024,April,"$120,945.33","$25,678.42","$155,392.49","$67,329.32","$96,424.67",10472,$104.00
Riverside Cruise In [100812],2024,August,"$132,872.02","$26,289.23","$168,794.74","$73,995.61","$107,521.97",11577,$80.00
Riverside Cruise In [100812],2024,December,"$122,972.44","$32,326.58","$164,214.72","$67,667.55","$97,240.97",10053,$423.81
Riverside Cruise In [100812],2024,February,"$106,962.68","$27,300.48","$142,018.10","$59,150.49","$87,286.49",9287,$647.00
Riverside Cruise In [100812],2024,January,"$111,533.57","$22,140.62","$141,760.12","$60,435.26","$87,175.88",9277,$756.00
Riverside Cruise In [100812],2024,July,"$130,471.26","$24,994.56","$164,925.17","$73,144.97","$104,288.40",11288,$491.00
Riverside Cruise In [100812],2024,June,"$132,512.80","$26,049.49","$168,169.70","$73,041.11","$103,763.29",11466,$30.00
Riverside Cruise In [100812],2024,March,"$121,370.65","$26,839.15","$157,009.32","$66,743.44","$100,695.93",10521,$577.00
Riverside Cruise In [100812],2024,May,"$133,460.19","$26,207.68","$169,343.50","$70,729.98","$105,011.53",11554,$66.00
Riverside Cruise In [100812],2024,November,"$121,040.21","$31,491.27","$161,307.13","$65,409.08","$101,045.65",10015,$200.00
Riverside Cruise In [100812],2024,October,"$121,857.18","$27,377.28","$158,068.94","$66,672.34","$99,050.66",10663,$6.00
Riverside Cruise In [100812],2024,September,"$122,460.98","$26,364.20","$157,703.38","$67,996.07","$100,655.85",10956,$200.00
Riverside Cruise In [100812],2025,April,"$119,672.33","$32,154.41","$160,507.01","$61,628.32","$98,143.38",10295,"$4,225.00"
Riverside Cruise In [100812],2025,August,"$143,086.26","$45,827.44","$199,285.93","$74,742.74","$117,216.87",11711,"$4,939.00"
Riverside Cruise In [100812],2025,December,"$125,266.57","$35,559.14","$169,908.10","$61,969.91","$99,284.90",9431,"$5,201.00"
Riverside Cruise In [100812],2025,February,"$99,137.51","$21,990.20","$128,315.31","$52,173.56","$77,698.22",8128,"$7,019.00"
Riverside Cruise In [100812],2025,January,"$109,310.72","$20,986.92","$138,222.80","$54,927.32","$83,573.02",8712,"$8,778.00"
Riverside Cruise In [100812],2025,July,"$138,542.81","$48,934.39","$197,517.19","$69,500.93","$116,338.11",11600,"$2,424.00"
Riverside Cruise In [100812],2025,June,"$132,588.32","$47,571.75","$189,770.18","$68,484.37","$113,260.76",11220,"$3,073.00"
Riverside Cruise In [100812],2025,March,"$118,709.56","$28,706.25","$155,906.96","$60,862.80","$95,982.41",10335,"$2,893.00"
Riverside Cruise In [100812],2025,May,"$133,955.12","$48,855.27","$192,520.70","$73,157.86","$112,294.41",11288,"$2,983.00"
Riverside Cruise In [100812],2025,November,"$130,377.57","$35,244.45","$175,075.39","$60,895.49","$105,334.22",10250,"$2,802.00"
Riverside Cruise In [100812],2025,October,"$134,838.98","$33,504.27","$178,119.69","$66,372.81","$105,536.27",10779,"$3,226.80"
Riverside Cruise In [100812],2025,September,"$141,927.26","$44,592.56","$196,797.99","$81,170.18","$110,825.61",11922,$337.00
Riverside Cruise In [100812],2026,April,"$30,159.61","$6,901.34","$39,247.55","$12,516.73","$24,545.61",2348,"$2,899.00"
Riverside Cruise In [100812],2026,February,"$112,871.92","$30,445.41","$151,500.44","$52,902.49","$90,566.17",8344,"$3,691.00"
Riverside Cruise In [100812],2026,January,"$120,827.49","$29,973.51","$159,560.44","$55,433.07","$95,807.27",8772,"$2,963.00"
Riverside Cruise In [100812],2026,March,"$131,288.08","$32,742.56","$173,549.60","$58,079.90","$106,622.89",10020,"$3,044.00"
Southgate Drive Thru [101475],2024,April,"$144,970.89","$19,346.07","$174,827.39","$63,208.68","$101,155.33",11423,$421.86
Southgate Drive Thru [101475],2024,August,"$147,615.76","$26,738.29","$185,056.53","$69,858.63","$104,356.56",11969,"$1,494.84"
Southgate Drive Thru [101475],2024,December,"$122,810.14","$25,710.22","$157,417.44","$54,265.12","$92,369.01",9517,"$2,020.67"
Southgate Drive Thru [101475],2024,February,$0.00,$0.00,$0.00,N/A,N/A,0,N/A
Southgate Drive Thru [101475],2024,January,$0.00,$0.00,$0.00,N/A,N/A,0,N/A
Southgate Drive Thru [101475],2024,July,"$152,549.92","$24,784.08","$188,394.12","$64,489.71","$108,735.53",12168,"$1,412.18"
Southgate Drive Thru [101475],2024,June,"$144,914.76","$21,004.41","$176,425.52","$62,535.18","$101,756.10",11596,"$2,300.53"
Southgate Drive Thru [101475],2024,March,"$79,920.96","$13,837.05","$99,551.08","$37,408.89","$54,255.64",6379,$278.72
Southgate Drive Thru [101475],2024,May,"$157,325.95","$19,591.67","$188,323.76","$65,504.37","$111,534.72",12103,"$2,011.92"
Southgate Drive Thru [101475],2024,November,"$129,375.04","$20,702.61","$159,457.14","$53,054.26","$96,027.22",10249,"$1,935.68"
Southgate Drive Thru [101475],2024,October,"$137,558.86","$27,617.05","$175,149.24","$62,389.20","$100,065.96",11581,"$1,790.75"
Southgate Drive Thru [101475],2024,September,"$138,395.14","$26,546.49","$174,975.60","$63,852.60","$99,078.08",11261,"$2,297.62"
Southgate Drive Thru [101475],2025,April,"$121,364.16","$15,891.01","$146,065.15","$50,319.39","$94,622.99",9180,"$2,068.82"
Southgate Drive Thru [101475],2025,August,"$147,589.40","$54,730.91","$213,021.28","$60,361.90","$120,329.58",10796,$400.00
Southgate Drive Thru [101475],2025,December,"$126,672.49","$21,302.17","$157,158.38","$57,241.40","$100,952.33",9176,"$1,851.89"
Southgate Drive Thru [101475],2025,February,"$108,137.43","$28,641.91","$144,618.62","$38,760.65","$86,758.33",8092,"$1,334.50"
Southgate Drive Thru [101475],2025,January,"$110,654.46","$22,099.64","$140,768.37","$43,554.59","$82,347.78",8466,"$1,687.43"
Southgate Drive Thru [101475],2025,July,"$137,090.28","$48,028.82","$195,057.19","$58,692.69","$111,290.37",10336,$370.00
Southgate Drive Thru [101475],2025,June,"$128,656.61","$38,409.81","$176,392.91","$47,900.76","$105,850.52",9681,$339.00
Southgate Drive Thru [101475],2025,March,"$128,887.34","$37,719.15","$175,911.15","$54,064.86","$101,717.08",10152,$582.96
Southgate Drive Thru [101475],2025,May,"$139,947.86","$29,167.49","$179,252.91","$58,226.59","$111,629.58",10290,"$1,088.94"
Southgate Drive Thru [101475],2025,November,"$125,403.94","$29,823.00","$164,319.76","$57,586.95","$99,065.72",9567,"$1,983.71"
Southgate Drive Thru [101475],2025,October,"$137,180.77","$29,989.93","$177,117.71","$54,461.06","$109,416.61",10530,"$2,266.24"
Southgate Drive Thru [101475],2025,September,"$127,689.91","$33,164.63","$170,112.64","$57,189.10","$101,919.71",9425,"$6,026.60"
Southgate Drive Thru [101475],2026,April,"$32,086.62","$8,578.49","$42,991.47","$11,966.20","$26,645.12",2257,$78.00
Southgate Drive Thru [101475],2026,February,"$114,037.85","$34,352.51","$156,655.84","$39,497.57","$96,761.44",8229,"$4,790.68"
Southgate Drive Thru [101475],2026,January,"$119,838.83","$39,482.80","$168,009.28","$44,292.61","$98,276.62",8596,"$3,070.00"
Southgate Drive Thru [101475],2026,March,"$123,113.22","$41,665.65","$173,703.42","$53,463.75","$102,244.78",9147,"$3,084.00"
Yummy Drive Thru [101160],2022,April,$0.00,$0.00,$0.00,N/A,N/A,0,N/A
Yummy Drive Thru [101160],2022,August,"$127,177.44","$20,331.39","$156,091.88","$71,648.36","$76,380.98",0,N/A
Yummy Drive Thru [101160],2022,December,"$105,856.23","$20,909.30","$133,899.50","$65,622.95","$64,412.95",0,N/A
Yummy Drive Thru [101160],2022,February,$0.00,$0.00,$0.00,N/A,N/A,0,N/A
Yummy Drive Thru [101160],2022,January,$0.00,$0.00,$0.00,N/A,N/A,0,N/A
Yummy Drive Thru [101160],2022,July,"$109,875.45","$16,022.77","$133,301.13","$64,212.76","$65,273.88",0,N/A
Yummy Drive Thru [101160],2022,June,"$1,417.80",$52.78,"$1,573.18",$880.09,$643.09,0,N/A
Yummy Drive Thru [101160],2022,March,$0.00,$0.00,$0.00,N/A,N/A,0,N/A
Yummy Drive Thru [101160],2022,May,$0.00,$0.00,$0.00,N/A,N/A,0,N/A
Yummy Drive Thru [101160],2022,November,"$107,634.66","$17,699.89","$132,596.76","$58,609.59","$65,270.07",0,N/A
Yummy Drive Thru [101160],2022,October,"$119,331.75","$21,690.50","$149,078.86","$69,002.31","$71,055.64",0,N/A
Yummy Drive Thru [101160],2022,September,"$118,247.22","$18,449.42","$144,677.55","$72,708.56","$67,656.86",0,N/A
Yummy Drive Thru [101160],2023,April,"$115,185.77","$19,850.25","$142,715.82","$62,986.25","$71,427.77",0,N/A
Yummy Drive Thru [101160],2023,August,"$124,368.10","$19,742.19","$152,491.95","$66,591.99","$77,594.66",9796,N/A
Yummy Drive Thru [101160],2023,December,"$107,658.96","$19,060.86","$133,986.26","$55,097.98","$68,457.56",8161,$64.51
Yummy Drive Thru [101160],2023,February,"$95,497.60","$17,916.39","$119,834.95","$52,189.15","$60,986.44",0,$16.00
Yummy Drive Thru [101160],2023,January,"$99,893.32","$20,622.00","$127,254.18","$57,959.57","$62,359.11",0,$100.00
Yummy Drive Thru [101160],2023,July,"$130,886.39","$20,181.20","$159,891.87","$69,684.68","$83,556.99",10212,N/A
Yummy Drive Thru [101160],2023,June,"$124,070.80","$18,234.98","$150,641.67","$63,386.33","$78,845.20",6491,N/A
Yummy Drive Thru [101160],2023,March,"$106,846.82","$20,841.12","$134,843.61","$58,507.89","$68,877.92",0,N/A
Yummy Drive Thru [101160],2023,May,"$130,490.70","$20,042.44","$159,214.91","$71,176.49","$81,200.12",0,$20.00
Yummy Drive Thru [101160],2023,November,"$102,972.74","$17,506.86","$127,430.90","$55,186.17","$64,034.86",7991,N/A
Yummy Drive Thru [101160],2023,October,"$110,945.79","$16,102.23","$134,529.72","$64,815.42","$64,678.50",8874,$48.96
Yummy Drive Thru [101160],2023,September,"$120,500.33","$16,357.35","$144,985.77","$65,861.31","$73,262.06",9247,$11.46
Yummy Drive Thru [101160],2024,April,"$109,947.25","$14,252.57","$131,621.26","$55,351.61","$69,294.06",8453,$35.06
Yummy Drive Thru [101160],2024,August,"$129,960.35","$19,240.35","$157,972.94","$63,408.79","$83,076.33",9398,$22.66
Yummy Drive Thru [101160],2024,December,"$116,228.69","$18,592.13","$142,666.20","$57,113.79","$76,599.33",8089,$732.66
Yummy Drive Thru [101160],2024,February,"$93,197.68","$15,267.95","$114,756.59","$49,210.87","$57,870.57",7222,$98.25
Yummy Drive Thru [101160],2024,January,"$97,337.37","$14,373.73","$118,277.48","$50,146.15","$61,937.97",7408,$20.00
Yummy Drive Thru [101160],2024,July,"$128,389.70","$17,355.21","$154,411.17","$65,196.09","$81,755.97",9213,$120.00
Yummy Drive Thru [101160],2024,June,"$126,677.72","$15,599.38","$150,827.85","$63,740.26","$80,435.23",9280,$256.00
Yummy Drive Thru [101160],2024,March,"$108,404.88","$14,013.14","$129,735.66","$55,081.37","$68,690.27",8254,$274.20
Yummy Drive Thru [101160],2024,May,"$127,887.97","$19,508.38","$156,028.74","$63,566.75","$82,262.58",9582,$18.97
Yummy Drive Thru [101160],2024,November,"$115,301.49","$15,079.12","$138,163.42","$55,461.72","$76,075.27",8098,$50.26
Yummy Drive Thru [101160],2024,October,"$120,649.42","$17,527.08","$146,320.24","$60,770.49","$76,262.15",8865,$65.38
Yummy Drive Thru [101160],2024,September,"$124,966.21","$15,235.24","$148,636.59","$62,991.65","$78,591.05",8998,$47.92
Yummy Drive Thru [101160],2025,April,"$124,533.63","$13,090.25","$146,039.15","$55,074.68","$89,711.72",9297,N/A
Yummy Drive Thru [101160],2025,August,"$137,117.68","$19,745.64","$166,118.88","$62,220.27","$95,821.73",9605,$48.49
Yummy Drive Thru [101160],2025,December,"$123,641.64","$21,221.15","$153,209.22","$52,944.81","$90,581.95",8204,$103.48
Yummy Drive Thru [101160],2025,February,"$98,100.46","$16,014.78","$120,737.02","$41,243.02","$68,832.46",7097,N/A
Yummy Drive Thru [101160],2025,January,"$105,173.28","$16,771.20","$129,043.66","$48,393.78","$71,992.37",7342,N/A
Yummy Drive Thru [101160],2025,July,"$138,442.11","$20,422.73","$168,209.35","$57,603.47","$98,656.20",9749,$6.41
Yummy Drive Thru [101160],2025,June,"$139,752.42","$23,338.22","$172,524.35","$60,988.55","$102,975.49",10126,$48.42
Yummy Drive Thru [101160],2025,March,"$121,371.06","$21,577.60","$151,118.40","$55,484.42","$84,109.58",8997,$31.02
Yummy Drive Thru [101160],2025,May,"$140,938.96","$18,748.19","$169,199.13","$59,170.03","$102,047.26",10317,$72.75
Yummy Drive Thru [101160],2025,November,"$122,461.71","$21,880.06","$152,608.47","$52,765.48","$88,317.38",8301,$50.00
Yummy Drive Thru [101160],2025,October,"$128,154.40","$20,081.43","$156,886.22","$55,090.36","$93,971.83",8698,$32.00
Yummy Drive Thru [101160],2025,September,"$125,464.39","$18,201.41","$152,134.82","$55,216.95","$89,709.88",8949,N/A
Yummy Drive Thru [101160],2026,April,"$22,922.93","$3,536.46","$28,006.71","$9,300.53","$17,085.97",1514,$20.00
Yummy Drive Thru [101160],2026,February,"$95,332.24","$17,193.36","$118,960.12","$35,212.18","$72,694.16",6446,$13.86
Yummy Drive Thru [101160],2026,January,"$109,930.85","$17,838.96","$135,190.48","$47,934.33","$79,236.12",7344,$200.00
Yummy Drive Thru [101160],2026,March,"$112,649.56","$21,162.94","$141,415.93","$44,599.80","$86,011.58",8093,N/A
